{
  "GET cars" : {
    "transaction" : "GET cars",
    "sampleCount" : 5,
    "errorCount" : 0,
    "errorPct" : 0.0,
    "meanResTime" : 165.6,
    "medianResTime" : 170.0,
    "minResTime" : 159.0,
    "maxResTime" : 170.0,
    "pct1ResTime" : 170.0,
    "pct2ResTime" : 170.0,
    "pct3ResTime" : 170.0,
    "throughput" : 29.41176470588235,
    "receivedKBytesPerSec" : 89.41291360294117,
    "sentKBytesPerSec" : 10.029871323529411
  },
  "POST Sign In JSON" : {
    "transaction" : "POST Sign In JSON",
    "sampleCount" : 5,
    "errorCount" : 0,
    "errorPct" : 0.0,
    "meanResTime" : 5995.6,
    "medianResTime" : 6019.0,
    "minResTime" : 5620.0,
    "maxResTime" : 6329.0,
    "pct1ResTime" : 6329.0,
    "pct2ResTime" : 6329.0,
    "pct3ResTime" : 6329.0,
    "throughput" : 0.7898894154818326,
    "receivedKBytesPerSec" : 0.6465676836492891,
    "sentKBytesPerSec" : 0.2260132800157978
  },
  "Total" : {
    "transaction" : "Total",
    "sampleCount" : 25,
    "errorCount" : 0,
    "errorPct" : 0.0,
    "meanResTime" : 1335.2000000000007,
    "medianResTime" : 190.0,
    "minResTime" : 108.0,
    "maxResTime" : 6329.0,
    "pct1ResTime" : 6098.200000000001,
    "pct2ResTime" : 6295.4,
    "pct3ResTime" : 6329.0,
    "throughput" : 3.351655717924655,
    "receivedKBytesPerSec" : 3.4827106934575682,
    "sentKBytesPerSec" : 1.1677116151628906
  },
  "Remove Car" : {
    "transaction" : "Remove Car",
    "sampleCount" : 5,
    "errorCount" : 0,
    "errorPct" : 0.0,
    "meanResTime" : 197.6,
    "medianResTime" : 198.0,
    "minResTime" : 196.0,
    "maxResTime" : 198.0,
    "pct1ResTime" : 198.0,
    "pct2ResTime" : 198.0,
    "pct3ResTime" : 198.0,
    "throughput" : 25.252525252525253,
    "receivedKBytesPerSec" : 8.261324179292929,
    "sentKBytesPerSec" : 9.055397727272727
  },
  "Log Out" : {
    "transaction" : "Log Out",
    "sampleCount" : 5,
    "errorCount" : 0,
    "errorPct" : 0.0,
    "meanResTime" : 128.0,
    "medianResTime" : 133.0,
    "minResTime" : 108.0,
    "maxResTime" : 146.0,
    "pct1ResTime" : 146.0,
    "pct2ResTime" : 146.0,
    "pct3ResTime" : 146.0,
    "throughput" : 32.467532467532465,
    "receivedKBytesPerSec" : 15.758167613636363,
    "sentKBytesPerSec" : 10.976816152597403
  },
  "Add car" : {
    "transaction" : "Add car",
    "sampleCount" : 5,
    "errorCount" : 0,
    "errorPct" : 0.0,
    "meanResTime" : 189.2,
    "medianResTime" : 190.0,
    "minResTime" : 185.0,
    "maxResTime" : 191.0,
    "pct1ResTime" : 191.0,
    "pct2ResTime" : 191.0,
    "pct3ResTime" : 191.0,
    "throughput" : 26.041666666666668,
    "receivedKBytesPerSec" : 13.6566162109375,
    "sentKBytesPerSec" : 10.889689127604166
  }
}